<?xml version="1.0" encoding="utf-8"?>

<root>
  <extensions>
    <extension id="rt01" nom="livre de base"/>
  </extensions>

  <accessoires_armes>
    <accessoire id="01-accessoire01" nom="accessoire de combat" modif_poids="+2" disponibilité="très courant" effet="-" description="les baïonnettes, lames tronçonneuses et autres accessoires de combat peuvent être montés sur la plupart des armes à distance. voir rogue trader p.133" />
    <accessoire id="01-accessoire02" nom="anticipateur de déplacement" modif_poids="+0.5" disponibilité="très rare" effet="-" description="le cogitateur complexe de suivi de cibles de cet engin est activé une fois que l'utilisateur a ciblé la cible voulue. voir rogue trader p.133" />
    <accessoire id="01-accessoire03" nom="antigrav" modif_poids="x0.5" disponibilité="extrêment rare" effet="-" description="ces clous et plaques antigrav se fixent sur une arme ou un outil, rendant leur manipulation bien plus aisée en annulant une partie de leur poids. voir rogue trader p.133" />
    <accessoire id="01-accessoire04" nom="commande vox" modif_poids="+0.5" disponibilité="rare" effet="-" description="des récepteurs vox spécialement codés sont intégrés dans le déclanchement de l'arme, de façon à ce que l'utilisateur peut activer l'arme ou changer de mode de tir simplement en donnant l'ordre adapté. voir rogue trader p.133" />
    <accessoire id="01-accessoire05" nom="compacte" modif_poids="x0.5" disponibilité="assez courant" effet="-" description="les armes compactes sont des versions réduites des armes de base et de poing, appréciées de ceux qui préfèrent la discrétion à la puissance d'arrêt. voir rogue trader p.133" />
    <accessoire id="01-accessoire06" nom="lunette télescopique" modif_poids="+1" disponibilité="assez courant" effet="-" description="cette amélioration fournit une image agrandie de la cible, ce qui augmente sensiblement les chances de toucher une localisation précise à grande distance. voir rogue trader p.133" />
    <accessoire id="01-accessoire07" nom="monomoléculaire" modif_poids="+0" disponibilité="inhabituel" effet="-" description="les armes monomoléculaires possèdent une ou plusieurs lames dont le tranchant, qui ne s'émousse jamais, traverse facilement les armures. voir rogue trader p.133" />
    <accessoire id="01-accessoire08" nom="omni-scope" modif_poids="+2" disponibilité="presque unique" effet="-" description="cet engin aussi rare que cher se trouve généralement qu'entre les mains d'assassins ou de chasseurs de primes légendaires. voir rogue trader p.133" />
    <accessoire id="01-accessoire09" nom="sélecteur de tir" modif_poids="+1" disponibilité="inhabituel" effet="-" description="sur les armes pouvant utiliser plusieurs types de munitions, un sélecteur de tir permet de passer plus facilement d'un type à un autre. voir rogue trader p.134" />
    <accessoire id="01-accessoire10" nom="silencieux" modif_poids="+0.5" disponibilité="très courant" effet="-" description="les silencieux réduisent le bruit que produisent les armes à feu, ce qui leur évite d'être repérées. voir rogue trader p.134" />
    <accessoire id="01-accessoire11" nom="support d'avant-bras" modif_poids="+1" disponibilité="inhabituel" effet="-" description="ce lourd support permet de fixer une arme à distance le long de l'avant-bras. voir rogue trader p.134" />
    <accessoire id="01-accessoire12" nom="viseur à pointage laser" modif_poids="+0.5" disponibilité="inhabituel" effet="-" description="cette amélioration confère un bonus de +10 aux tests de capacité de tir lorsque l'arme tire au coup par coup. voir rogue trader p.134" />
    <accessoire id="01-accessoire13" nom="viseur photographique" modif_poids="+0.5" disponibilité="très rare" effet="-" description="ce viseur amplifie la lumière ambiante, améliorant la vision de l'utilisateur et sa capacité à voir dans le noir. voir rogue trader p.134" />
    <accessoire id="01-accessoire14" nom="viseur traqueur" modif_poids="+0.5" disponibilité="très rare" effet="-" description="ce viseur montre les signatures thermiques, révélant les cachettes des ennemis rôdant dans les ténèbres. voir rogue trader p.134" />
  </accessoires_armes>

  <attributs_armes>
    <attribut id="01-attribut01" nom="champ énergétique" effet="-" description="les armes dotées de cet attribut sont entourées d'un champ énergétique qui accroît leurs dégâts et leur pénétration. voir rogue trader p.115" />
    <attribut id="01-attribut02" nom="décharge" effet="-" description="les armes dotées de cet attribut infligent un puissant choc électrique susceptible d'assommer leur victime. voir rogue trader p.115" />
    <attribut id="01-attribut03" nom="déchirante" effet="-" description="les armes dotées de cet attribut disposent généralement d'un tranchant dentelé entraîné par moteur ou de munitions explosivent qui arrachent chair et os. voir rogue trader p.115" />
    <attribut id="01-attribut04" nom="défensive" effet="-" description="les armes dotées de cet attribut sont conçues pour la parade et non pour l'attaque. voir rogue trader p.115" />
    <attribut id="01-attribut05" nom="dispersion" effet="-" description="les armes dotées de cet attribut disposent de munitions qui s'éparpillent pour toucher davantage leur cible. voir rogue trader p.115" />
    <attribut id="01-attribut06" nom="encombrante" effet="-" description="les armes dotées de cet attribut, énormes et souvent très lourdes, sont trop peu maniables pour effectuer la moindre parade. voir rogue trader p.115" />
    <attribut id="01-attribut07" nom="équilibrée" effet="-" description="les armes dotées de cet attribut sont forgées de sorte que le poids de leur garde équilibre celui de la lame, ce qui facilite leur maniement. voir rogue trader p.115" />
    <attribut id="01-attribut08" nom="fiable" effet="-" description="les armes dotées de cet attribut recourent à une technologie éprouvée qui leur fait rarement défaut. voir rogue trader p.115" />
    <attribut id="01-attribut09" nom="flexible" effet="-" description="les armes dotées de cet attribut sont composées d'une multitude de segments reliés entre eux, comme une chaîne ou la lanière d'un fouet. voir rogue trader p.115" />
    <attribut id="01-attribut10" nom="fulgurante" effet="-" description="une arme possédant cet attribut double le nombre de touches infligées à la cible. voir rogue trader p.115" />
    <attribut id="01-attribut11" nom="fumigène" effet="-" description="plutôt que d'infliger des dégâts, les armes dotées de cet attribut créent d'épais nuages de fumée servant d'abri. voir rogue trader p.115" />
    <attribut id="01-attribut12" nom="immobilisante" effet="-" description="les armes dotées de cet attribut ont pour but d'empêtrer l'ennemi. voir rogue trader p.116" />
    <attribut id="01-attribut13" nom="imprécise" effet="-" description="les armes dotées de cet attribut ont été mal conçues ou fabriquées tant et si bien que, malgré tout le soin apporté à leur maniement, tout n'est qu'une question de chance. voir rogue trader p.116" />
    <attribut id="01-attribut14" nom="instable" effet="-" description="les armes dotées de cet attribut tirent des munitions volatiles aux effets imprévisibles. voir rogue trader p.116" />
    <attribut id="01-attribut15" nom="jumelée" effet="-" description="une arme jumelée représente deux armes identiques reliées et réglées pour tirer en même temps en appuyant sur une détente ou un bouton. voir rogue trader p.116" />
    <attribut id="01-attribut16" nom="lance-flammes" effet="-" description="les armes dotées de cet attribut crachent un cône de flammes. voir rogue trader p.116" />
    <attribut id="01-attribut17" nom="mal équilibrée" effet="-" description="les armes dotées de cet attribut, lourdes et difficiles à réarmer, subissent un malus de –10 aux tests de parade. voir rogue trader p.116" />
    <attribut id="01-attribut18" nom="personnalisée" effet="-" description="l'utilisateur a reconstruit et réglé son arme afin qu'elle fonctionne selon ses préférences personnelles. voir rogue trader p.116" />
    <attribut id="01-attribut19" nom="peu fiable" effet="-" description="mal assemblées ou mal entretenues, les armes dotées de cet attribut ont des dysfonctionnements plus fréquents. voir rogue trader p.116" />
    <attribut id="01-attribut20" nom="précise" effet="-" description="les armes dotées de cet attribut ont été conçues dans une optique de précision et répondent parfaitement entre des mains expertes. voir rogue trader p.116" />
    <attribut id="01-attribut21" nom="primitive" effet="-" description="bien que toujours dangereuses, les armes dotées de cet attribut, sommaires et rudimentaires, sont peu efficaces contre les armures modernes. voir rogue trader p.116" />
    <attribut id="01-attribut22" nom="recharge" effet="-" description="à cause de leur fonctionnement ou de la nature volatile de leurs munitions, les armes dotées de cet attribut prennent plus de temps à recharger. voir rogue trader p.116" />
    <attribut id="01-attribut23" nom="surchauffe" effet="-" description="à cause de leur piètre conception ou de la nature instable de leurs munitions à haute température, les armes dotées de cet attribut ont tendance à surchauffer. voir rogue trader p.116" />
    <attribut id="01-attribut24" nom="toxique" effet="-" description="les armes dotées de cet attribut s'appuient sur une toxine ou un poison pour leurs dégâts. voir rogue trader p.117" />
    <attribut id="01-attribut25" nom="zone d'effet (x)" effet="-" description="les armes dotées de cet attribut provoquent une explosion en atteignant leur cible. voir rogue trader p.117" />
  </attributs_armes>
  
  <coordonnées>
    <coordonnée id="01-coord01" nom="port l'errance" sous_secteur="la gueule" type="particulier" coord_x="1168" coord_y="419" description="" />
    <coordonnée id="01-coord02" nom="castel" sous_secteur="le chaudron" type="particulier" coord_x="851" coord_y="355" description="" />
    <coordonnée id="01-coord03" nom="hécatombe" sous_secteur="la gueule" type="particulier" coord_x="1074" coord_y="385" description="" />
    <coordonnée id="01-coord04" nom="temple" sous_secteur="la gueule" type="monde mort" coord_x="993" coord_y="353" description="" />
    <coordonnée id="01-coord05" nom="monde maudit par les sorcières" sous_secteur="la gueule" type="monde mort" coord_x="1028" coord_y="418" description="" />
    <coordonnée id="01-coord06" nom="ermitage" sous_secteur="la gueule" type="particulier" coord_x="936" coord_y="413" description="" />
    <coordonnée id="01-coord07" nom="rochepeste" sous_secteur="le chaudron" type="monde mort" coord_x="735" coord_y="338" description="" />
    <coordonnée id="01-coord08" nom="riche-cadavre" sous_secteur="le chaudron" type="monde mort" coord_x="857" coord_y="495" description="" />
    <coordonnée id="01-coord09" nom="damaris" sous_secteur="le chaudron" type="en cours de classification" coord_x="781" coord_y="531" description="" />
    <coordonnée id="01-coord10" nom="désillusion" sous_secteur="le chaudron" type="monde mort" coord_x="778" coord_y="595" description="" />
    <coordonnée id="01-coord11" nom="solace encarmine" sous_secteur="royaume de winterscale" type="monde-paradis" coord_x="565" coord_y="222" description="" />
    <coordonnée id="01-coord12" nom="jérazol" sous_secteur="royaume de winterscale" type="monde mort" coord_x="823" coord_y="261" description="" />
    <coordonnée id="01-coord13" nom="empire égarian" sous_secteur="royaume de winterscale" type="particulier" coord_x="806" coord_y="234" description="" />
    <coordonnée id="01-coord14" nom="maléziel" sous_secteur="royaume de winterscale" type="monde pénal" coord_x="827" coord_y="200" description="" />
    <coordonnée id="01-coord15" nom="serpentis major" sous_secteur="royaume de winterscale" type="en cours de classification" coord_x="792" coord_y="151" description="" />
    <coordonnée id="01-coord16" nom="serpentis minor" sous_secteur="royaume de winterscale" type="en cours de classification" coord_x="772" coord_y="136" description="" />
    <coordonnée id="01-coord17" nom="burnscour" sous_secteur="mondes écartelés" type="monde mortel" coord_x="852" coord_y="102" description="" />
    <coordonnée id="01-coord18" nom="rédemption" sous_secteur="mondes écartelés" type="monde-sépulture" coord_x="868" coord_y="65" description="" />
    <coordonnée id="01-coord19" nom="folie de seldon" sous_secteur="mondes écartelés" type="monde en guerre" coord_x="732" coord_y="84" description="" />
    <coordonnée id="01-coord20" nom="enclume d'aubray" sous_secteur="mondes écartelés" type="monde mort" coord_x="695" coord_y="57" description="" />
    <coordonnée id="01-coord21" nom="gallant" sous_secteur="mondes écartelés" type="en cours de classification" coord_x="657" coord_y="86" description="" />
    <coordonnée id="01-coord22" nom="refuge de valcetti" sous_secteur="royaume de winterscale" type="en cours de classification" coord_x="674" coord_y="131" description="" />
    <coordonnée id="01-coord23" nom="lucin expirae" sous_secteur="royaume de winterscale" type="monde minier" coord_x="743" coord_y="281" description="" />
    <coordonnée id="01-coord24" nom="naduesh" sous_secteur="étoiles païennes" type="en cours de colonisation" coord_x="573" coord_y="82" description="" />
    <coordonnée id="01-coord25" nom="raakata" sous_secteur="étoiles païennes" type="monde sauvage" coord_x="528" coord_y="112" description="" />
    <coordonnée id="01-coord26" nom="zayth" sous_secteur="étoiles païennes" type="monde en guerre" coord_x="531" coord_y="172" description="" />
    <coordonnée id="01-coord27" nom="vaporius" sous_secteur="étoiles païennes" type="monde féodal" coord_x="494" coord_y="52" description="" />
    <coordonnée id="01-coord28" nom="phaïnal écho" sous_secteur="étoiles païennes" type="particulier" coord_x="439" coord_y="45" description="" />
    <coordonnée id="01-coord29" nom="delectus nox" sous_secteur="étoiles païennes" type="en cours de classification" coord_x="372" coord_y="65" description="" />
    <coordonnée id="01-coord30" nom="sept morts" sous_secteur="étoiles païennes" type="particulier" coord_x="329" coord_y="151" description="" />
    <coordonnée id="01-coord31" nom="agusia" sous_secteur="étoiles païennes" type="monde-sépulture" coord_x="367" coord_y="171" description="" />
    <coordonnée id="01-coord32" nom="rune" sous_secteur="fief damné" type="monde mort" coord_x="268" coord_y="224" description="" />
    <coordonnée id="01-coord33" nom="sarator prime" sous_secteur="fief damné" type="en cours de classification" coord_x="374" coord_y="245" description="" />
    <coordonnée id="01-coord34" nom="pulsar 484 scran" sous_secteur="grands récifs d'hecaton" type="particulier" coord_x="178" coord_y="293" description="" />
    <coordonnée id="01-coord35" nom="illisk" sous_secteur="fief damné" type="monde mort" coord_x="257" coord_y="323" description="" />
    <coordonnée id="01-coord36" nom="melbethe" sous_secteur="grands récifs d'hecaton" type="monde mort" coord_x="202" coord_y="407" description="" />
    <coordonnée id="01-coord37" nom="marwolv" sous_secteur="fief damné" type="en cours de classification" coord_x="257" coord_y="474" description="" />
    <coordonnée id="01-coord38" nom="cortège des damnés" sous_secteur="fief damné" type="particulier" coord_x="451" coord_y="568" description="" />
    <coordonnée id="01-coord39" nom="cendréale" sous_secteur="fief damné" type="en cours de classification" coord_x="306" coord_y="495" description="" />
    <coordonnée id="01-coord40" nom="abyssal" sous_secteur="fief damné" type="en cours de classification" coord_x="405" coord_y="446" description="" />
    <coordonnée id="01-coord41" nom="trépas de lathimon" sous_secteur="fief damné" type="monde mort" coord_x="478" coord_y="278" description="" />
    <coordonnée id="01-coord42" nom="koudbott'" sous_secteur="fief damné" type="en cours de classification" coord_x="426" coord_y="305" description="" />
    <coordonnée id="01-coord43" nom="pièj' ruzé" sous_secteur="fief damné" type="en cours de classification" coord_x="438" coord_y="316" description="" />
    <coordonnée id="01-coord44" nom="groin" sous_secteur="fief damné" type="en cours de classification" coord_x="415" coord_y="319" description="" />
    <coordonnée id="01-coord45" nom="krakfass'" sous_secteur="fief damné" type="en cours de classification" coord_x="436" coord_y="332" description="" />
    <coordonnée id="01-coord46" nom="martel d'argent" sous_secteur="gouffres amers" type="en cours de classification" coord_x="158" coord_y="672" description="" />
    <coordonnée id="01-coord47" nom="callopius magnus" sous_secteur="gouffres amers" type="en cours de classification" coord_x="246" coord_y="648" description="" />
    <coordonnée id="01-coord48" nom="chorus" sous_secteur="gouffres amers" type="en cours de classification" coord_x="246" coord_y="707" description="" />
    <coordonnée id="01-coord49" nom="concanid" sous_secteur="gouffres amers" type="particulier" coord_x="292" coord_y="567" description="" />
    <coordonnée id="01-coord50" nom="orn" sous_secteur="gouffres amers" type="monde interdit" coord_x="334" coord_y="617" description="" />
    <coordonnée id="01-coord51" nom="yamakor" sous_secteur="gouffres amers" type="en cours de classification" coord_x="400" coord_y="633" description="" />
    <coordonnée id="01-coord52" nom="ramien" sous_secteur="gouffres amers" type="monde mortel" coord_x="456" coord_y="663" description="" />
    <coordonnée id="01-coord53" nom="les soeurs froides" sous_secteur="gouffres amers" type="particulier" coord_x="448" coord_y="707" description="" />
    <coordonnée id="01-coord54" nom="repton iv" sous_secteur="mondes orphelins" type="en cours de classification" coord_x="579" coord_y="729" description="" />
    <coordonnée id="01-coord55" nom="magoros" sous_secteur="mondes orphelins" type="en cours de classification" coord_x="647" coord_y="641" description="" />
    <coordonnée id="01-coord56" nom="ritamméron" sous_secteur="mondes orphelins" type="monde féodal" coord_x="678" coord_y="663" description="" />
    <coordonnée id="01-coord57" nom="déluge" sous_secteur="mondes orphelins" type="en cours de classification" coord_x="713" coord_y="637" description="" />
    <coordonnée id="01-coord58" nom="grâce" sous_secteur="mondes orphelins" type="en cours de classification" coord_x="773" coord_y="637" description="" />
    <coordonnée id="01-coord59" nom="puits septagoniques" sous_secteur="mondes orphelins" type="particulier" coord_x="824" coord_y="657" description="" />
    <coordonnée id="01-coord60" nom="iniquité" sous_secteur="mondes orphelins" type="monde minier" coord_x="795" coord_y="700" description="" />
    <coordonnée id="01-coord61" nom="salvar ii" sous_secteur="mondes orphelins" type="monde-sépulture" coord_x="870" coord_y="681" description="" />
    <coordonnée id="01-coord62" nom="tempête du mépris" sous_secteur="mondes orphelins" type="particulier" coord_x="871" coord_y="709" description="" />
    <coordonnée id="01-coord63" nom="ntharis" sous_secteur="cinerus maleficum" type="agri-monde" coord_x="541" coord_y="543" description="" />
    <coordonnée id="01-coord64" nom="lacristy" sous_secteur="cinerus maleficum" type="en cours de classification" coord_x="582" coord_y="494" description="" />
    <coordonnée id="01-coord65" nom="hemelshot" sous_secteur="cinerus maleficum" type="en cours de classification" coord_x="500" coord_y="500" description="" />
    <coordonnée id="01-coord66" nom="cobalt" sous_secteur="cinerus maleficum" type="en cours de classification" coord_x="451" coord_y="392" description="" />
    <coordonnée id="01-coord67" nom="dolorium" sous_secteur="cinerus maleficum" type="monde sauvage" coord_x="527" coord_y="340" description="" />
    <coordonnée id="01-coord68" nom="falcon gamma" sous_secteur="cinerus maleficum" type="monde sauvage" coord_x="561" coord_y="304" description="" />
    <coordonnée id="01-coord69" nom="bastion" sous_secteur="cinerus maleficum" type="monde interdit" coord_x="646" coord_y="380" description="" />
    <coordonnée id="01-coord70" nom="abysse de kaïn" sous_secteur="cinerus maleficum" type="particulier" coord_x="658" coord_y="417" description="" />
  </coordonnées>

  <seuils_xp>
    <seuil id="01-seuil01" rang="1" valeur_min="5000" valeur_max="6999" />
    <seuil id="01-seuil02" rang="2" valeur_min="7000" valeur_max="9999" />
    <seuil id="01-seuil03" rang="3" valeur_min="10000" valeur_max="12999" />
    <seuil id="01-seuil04" rang="4" valeur_min="13000" valeur_max="16999" />
    <seuil id="01-seuil05" rang="5" valeur_min="17000" valeur_max="20999" />
    <seuil id="01-seuil06" rang="6" valeur_min="21000" valeur_max="24999" />
    <seuil id="01-seuil07" rang="7" valeur_min="25000" valeur_max="29999" />
    <seuil id="01-seuil08" rang="8" valeur_min="30000" valeur_max="34999" />
  </seuils_xp>

  <!--
  -->
  </root>