<?xml version="1.0" encoding="utf-8"?>

<root>
  
  <extensions>
    <extension id="rt02" nom="dans la tempête"/>
  </extensions>
  
  <accessoires_armes>
    <accessoire id="02-accessoire01" nom="cellule exterminator" modif_poids="+1" disponibilité="courant" effet="-" description="nombre des guerriers religieux les plus fanatiques de l'imperium fixent à leur arme habituelle une cellule exterminator. voir dans la tempête p.127" />
    <accessoire id="02-accessoire02" nom="conduit à calamité" modif_poids="+0.5" disponibilité="très rare" effet="-" description="conçus pour limiter les dangers des armes à plasma (et autres armes susceptibles d'entrer en surchauffe ou surcharge), les soi-disant 'conduits à calamité' sont des tuyaux d'urgence chargés d'évacuer les échappements brûlants sans blesser le tireur. voir dans la tempête p.127" />
    <accessoire id="02-accessoire03" nom="dispensateur-tox" modif_poids="+0.75" disponibilité="rare" effet="-" description="la tradition qui consiste à recouvrir une lame de toxines mortelles est sans doute aussi vieille que l'humanité. voir dans la tempête p.127" />
    <accessoire id="02-accessoire04" nom="bidouillage kustom" modif_poids="+0" disponibilité="très rare" effet="-" description="l'arme a été retapée au goût de l'utilisateur ou parce qu'elle a été brisée par des années d'utilisation. voir dans la tempête p.144" />
    <accessoire id="02-accessoire05" nom="bouts d'pointes" modif_poids="+4" disponibilité="banal" effet="-" description="l'arme est hérissée de pointes et de lames. voir dans la tempête p.144" />
    <accessoire id="02-accessoire06" nom="fling' kombiné" modif_poids="par arme jumelée" disponibilité="très rare" effet="-" description="il ne s'agit pas tant d'une amélioration que de deux armes réunies en une. voir dans la tempête p.144" />
    <accessoire id="02-accessoire07" nom="loupiote rouge" modif_poids="+1" disponibilité="rare" effet="-" description="bien que cette pièce kustom ne soit rien de plus qu'une ampoule produisant une lumière rouge, les orks jurent qu'elle augmente la précision de l'arme. voir dans la tempête p.144" />
    <accessoire id="02-accessoire08" nom="pétaradeur" modif_poids="+2" disponibilité="inhabituel" effet="-" description="cette arme est couverte de condensateurs et d'une masse de pointes délivrant des décharges électriques au contact. voir dans la tempête p.144" />
    <accessoire id="02-accessoire09" nom="plus fling'ante" modif_poids="+3" disponibilité="courant" effet="-" description="un mécanisme de tir un peu plus compliqué et un canon plus long expliquent sans doute que cette arme fait bien mal. voir dans la tempête p.145" />
    <accessoire id="02-accessoire10" nom="plus gros chargeur" modif_poids="x1.5" disponibilité="banal" effet="-" description="certaines armes disposent d'une autonomie plus élevée, qui prend généralement la forme de chargeurs supplémentaires ou de ceintures à munitions, ce qui double l'autonomie de l'arme. voir dans la tempête p.145" />
    <accessoire id="02-accessoire11" nom="plus gros kanon" modif_poids="+2.5" disponibilité="courant" effet="-" description="cette arme dispose d'un canon plus long et donc d'une meilleure portée. voir dans la tempête p.145" />
    <accessoire id="02-accessoire12" nom="retentisseur" modif_poids="+2" disponibilité="assez courant" effet="-" description="la gueule de cette arme a des proportions délirantes et augmente le bruit qu'elle produit. voir dans la tempête p.145" />
  </accessoires_armes>

  <attributs_armes>
    <attribut id="02-attribut01" nom="force" effet="-" description="les armes de force sont uniques dans le sens où elles ne fonctionnent convenablement qu'entre les mains de véritables psykers, dont l'énergie mentale fait de ses armes apparemment quelconques de véritables outils de destruction. voir dans la tempête p.127" />
  </attributs_armes>
  
  <!--
  -->
  </root>