<?xml version="1.0" encoding="utf-8"?>

<root>
  <extensions>
    <extension id="dh03" nom="disciples des dieux sombres"/>
  </extensions>
  
  <améliorations>
    <amélioration id="03-amel01" catégorie="amélioration élite" souscatégorie="amélioration élite" promotion="1" type="amélioration élite" nom="intouchable" cout="400" élite="true" nb_max_ou_rang="1" condition="-carrière;psyker impérial" effet="trait;intouchable/car;soc;:2/note;intouchable : malus de -10 aux tests de sociabilité impliquant quelqu'un possedant un niveau psy/talent interdit;pouvoir psychique/talent interdit;pouvoir psychique mineur/talent interdit;foi immaculée/talent interdit;sorcier/talent interdit;arcane mineur/talent interdit;arcane majeur" />
  </améliorations>
  
  <armes>
    <arme id="03-arme01" nom="catapulte à shuriken" genre="distance" type="exotiques" groupe="base" portée="60" modes="c/3/10" dégâts="1d10+4" type_dégâts="p" pénétration="6" autonomie="100" rechargement="2" attributs="fiable" accessoires="" poids="2,5" bonus_bf="0" prix="6000" disponibilité="très rare" description="les armes eldars sont particulièrement prisées, s'arrachant à prix d'or auprès des collectionneurs. voir disciples des dieux sombres p.73" />
    <arme id="03-arme02" nom="pistolet à shuriken" genre="distance" type="exotiques" groupe="poing" portée="20" modes="c/3/5" dégâts="1d10+2" type_dégâts="p" pénétration="4" autonomie="40" rechargement="2" attributs="fiable" accessoires="" poids="1,2" bonus_bf="0" prix="4500" disponibilité="très rare" description="les armes eldars sont particulièrement prisées, s'arrachant à prix d'or auprès des collectionneurs. voir disciples des dieux sombres p.73" />
    <arme id="03-arme03" nom="couteau de verre fra'al" genre="corps à corps" type="exotiques" groupe="corps à corps" portée="-" modes="-" dégâts="1d5+2" type_dégâts="p" pénétration="4" autonomie="-" rechargement="-" attributs="toxique" accessoires="" poids="1,5" bonus_bf="0" prix="450" disponibilité="rare" description="il s'agit de poignards dentelés, qui semblent avoir été conçus à partir d'un même fragment de cristal fumé. réputés pour leur résistance ils sont suffisamment acérés pour entamer la céramite. les couteaux de verre conservent leur tranchant par les tninibrisures qui s'opèrent à chaque coup donné, sachant que ces fragments ont la mauvaise habitude de s' insinuer dans les plaies pour y provoquer l'agonie de la victime. voir disciples des dieux sombres p.73" />
    <arme id="03-arme04" nom="fusil hrud" genre="distance" type="exotiques" groupe="base" portée="100" modes="c/-/-" dégâts="2d10" type_dégâts="e" pénétration="5" autonomie="3" rechargement="3" attributs="imprécise/surchauffe" accessoires="" poids="4" bonus_bf="0" prix="12000" disponibilité="très rare" description="dispose du trait arme warp. c'est un genre de « mousquet à plasma» équipé d'un mystérieux mécanisme qui permet au projectile à plasma de se frayer un chemin à travers l'espace réel et le warp, passant outre les defenses de la cible. voir disciples des dieux sombres p.73" />
  </armes>

  <pouvoirs>
    <pouvoir id="03-pouvoir01" nom="évasion temporelle" discipline="mineur" seuil="13" action="complète" opposé="false" portée="utilisateur" prolongeable="false" description="disparaît pendant 1d5 rounds pour réapparaître exactement à la même place. test de fm moyen (+0) pour agir le tour de la réapparition, avec test sur la table des chocs si échec de plus de 3 degrés. voir disciples des dieux sombres p.27" />
    <pouvoir id="03-pouvoir02" nom="glissement spatiotemporel" discipline="mineur" seuil="11" action="demi" opposé="false" portée="utilisateur" prolongeable="false" description="se déplace au choix de 1d5 ou 1d10+2m dans la direction de son choix. si apparition dans un objet, est éjecté à 1d5m et test d'endurance moyen (+0) pour ne pas subir 1d10 points de dégâts explosifs non encaissables au corps. voir disciples des dieux sombres p.27" />
    <pouvoir id="03-pouvoir03" nom="plaies ouvertes" discipline="mineur" seuil="9" action="demi" opposé="false" portée="10 m" prolongeable="false" description="une victime blessée doit réussir un test d'e assez difficile (-10) pour ne pas subit 1d5 points de dégâts supplémentaires non encaissables sur la dernière localisation blessée et subir une hémorragie si elle est déjà gravement blessée. voir disciples des dieux sombres p.28" />
    <pouvoir id="03-pouvoir04" nom="résistance au feu" discipline="mineur" seuil="8" action="demi" opposé="false" portée="utilisateur" prolongeable="true" description="immunisé aux dégâts de feu des armes lance-flammes, dégâts réduits de moitié avant encaissement pour ceux provenant d'armes à plasma et fusion. voir disciples des dieux sombres p.28" />
    <pouvoir id="03-pouvoir05" nom="suggestion" discipline="mineur" seuil="9" action="demi" opposé="false" portée="6 m" prolongeable="false" description="test opposé de fm pour implanter une suggestion dans l'esprit de la cible. si utilisation d'une compétence d'intéraction en correlation, elle bénéficie alors d'un bonus de +20. voir disciples des dieux sombres p.28" />

    <pouvoir id="03-pouvoir06" nom="agonie" discipline="biomancie" seuil="13" action="complète" opposé="false" portée="10 m" prolongeable="true" description="la cible doit réussir un test d'e moyen (+0) ou ne peut entreprendre qu'une demi-action, aucune +1 niveau de fatigue si échec de plus de 3 degrés. au cours d'un interrogatoire, +10 aux tests d'interrogatoire du psyker. surpuissance : une cible supplémentaire à portée et à vue tous les 5 points. voir disciples des dieux sombres p.30" />
    <pouvoir id="03-pouvoir07" nom="drainage vital" discipline="biomancie" seuil="20" action="demi" opposé="false" portée="20 m" prolongeable="true" description="la cible doit réussir un test de fm assez difficile (-10) ou sa f, son e et son ag sont réduits de 1d10 (1 seul jet) et doit recommencer au round suivant avec les mêmes conséquences. meure si une de ses caractéristiques tombe à 0. les effets durent pendant [durée du pouvoir + 1d10] rounds. voir disciples des dieux sombres p.30" />
    <pouvoir id="03-pouvoir08" nom="dur comme fer" discipline="biomancie" seuil="18" action="demi" opposé="false" portée="utilisateur" prolongeable="true" description="pendant la durée du pouvoir, votre be augmente de 2 et votre bag diminue de 1. surpuissance : le be augmente de 1 tous les 5 points, max le triple de sa valeur d'origine. voir disciples des dieux sombres p.30" />
    <pouvoir id="03-pouvoir09" nom="corps en fusion" discipline="pyromancie" seuil="27" action="complète" opposé="false" portée="utilisateur" prolongeable="true" description="le sarmes et équipements que vous portez sont détruits. immunisé aux dégâts de feu et des armes lance-flammes, dégâts des armes plasma, laser et fusion sont réduits de moitié. gain du trait 'cauchemardesque' et be augmenté de 3. 1d5 points de dégâts d'énergie par round pour tout ce qui se trouve dans un rayon de 5m. les attaques à mains nues infligent 1d10+[bf] points de dégâts d'énergie, pénétration 5 et attribut 'champ énergétique'. les armes qui vous touchent ont 75% de chances d'être détruites. 1d5 niveaux de fatigue quand le pouvoir prend fin. voir disciples des dieux sombres p.29" />
    <pouvoir id="03-pouvoir10" nom="tempête psychokinétique" discipline="télékinésie" seuil="12" action="demi" opposé="false" portée="rayon de 10 m autour du psyker" prolongeable="true" description="toute personne autre que le psyker dans le rayon d'effet subit un malus de -10 à ses actions physiques. surpuissance : rayon doublé tous les 10 points supplémentaires. voir disciples des dieux sombres p.29" />
    <pouvoir id="03-pouvoir11" nom="semailles psychiques" discipline="télépathie" seuil="26" action="étendue" opposé="false" portée="contact" prolongeable="false" description="test opposé de fm avec la cible tous les rounds jusqu'à ce que l'un des deux obtienne 5 degrés de réussite. en cas de réussite, la cible ne peut résister aux pouvoirs 'domination', 'impulsion', 'suggestion' et 'zone de compulsion'. surpuissance : +10 au test opposé de fm tous les 10 points. voir disciples des dieux sombres p.29" />
    <pouvoir id="03-pouvoir12" nom="tueur d'âme" discipline="télépathie" seuil="25" action="complète" opposé="false" portée="[5xbfm] m" prolongeable="false" description="créé une pointe de force qui inflige 1d10+[2xbfm] points de dégâts explosofs qui ignorent l'armure, à moins qu'elle ne soit protégée par un sceau. les coups critiques sont appliqués simultanément au corps et à la tête. surpuissance : une nouvelle pointe tous les 10 points, projetable sur la même cible ou une nouvelle. voir disciples des dieux sombres p.30" />
    <pouvoir id="03-pouvoir13" nom="zone de compulsion" discipline="télépathie" seuil="19" action="demi" opposé="false" portée="[5+bfm] m" prolongeable="false" description="chaque personne à portée fait un jet opposé au psyker (1 seul jet pour lui). ceux qui ratent le test sont sous l'effet du pouvoir 'impulsion'. l'ordre est le même pour la zone. surpuissance : +10 au test de fm opposé tous les 10 points. voir disciples des dieux sombres p.30" />
    <pouvoir id="03-pouvoir14" nom="masque de chair" discipline="arcane mineur" seuil="13" action="complète" opposé="false" portée="utilisateur" prolongeable="false" description="métamorphose physique complète pendant [bfm] h. test d'endurance moyen (+0) à la fin du pouvoir ou subit 1d5 niveaux de fatigue. surpuissance : détails pls précis si dépassement de 5 points, masse corporelle altérable de 50% et mutations physiques imitables si dépassement de 10 points, sexe opposé et espèces humanoïdes copiées si dépassement de 15 points. 1 mutation mineure permanente si victime d'un péril du warp pendant qu'il utilise ce pouvoir. voir disciples des dieux sombres p.117" />
    <pouvoir id="03-pouvoir15" nom="messager de la mort" discipline="arcane mineur" seuil="15" action="demi" opposé="false" portée="utilisateur" prolongeable="false" description="la prochaine attaque réussie du sorcier dans les 10 rounds est considérée comme ayant l'attribut 'déchirante'. surpuissance : s'étend à 1 attaque supplémentaire tous les 10 points. voir disciples des dieux sombres p.118" />
    <pouvoir id="03-pouvoir16" nom="susurrements du warp" discipline="arcane mineur" seuil="11" action="demi" opposé="false" portée="portée d'ouïe" prolongeable="true" description="test de fm opposé contre toutes les cibles (1 seul jet pour le sorcier) pour obtenir +10 à tous les tests charisme, intimidation et duperie. surpuissance : +10 aux tests des compétences (max +30) tous les 10 points. voir disciples des dieux sombres p.118" />
    <pouvoir id="03-pouvoir17" nom="conflagration infernale" discipline="arcane majeur" seuil="22" action="demi" opposé="false" portée="[5xbfm] m" prolongeable="false" description="test de ct pour infliger 1d10+[bfm] points de dégâts d'énergie avec l'attribut 'arme warp'. surpuissance : 1d10 points de dégâts supplémentaires tous les 10 points. voir disciples des dieux sombres p.118" />
    <pouvoir id="03-pouvoir18" nom="imprécation maléfique" discipline="arcane majeur" seuil="-1" action="complète" opposé="false" portée="ligne de vue" prolongeable="false" description="peut lancer diverses imprécations différentes au seuil psychique variable. la cible y résiste au moyen d'un test de fm moyen (+0). test de fm moyen (+0) pour le sorcier pour ne pas gagner 1d5 points de corruption à chaque imprécation lancée. surpuissance : -10 au test de fm de la cible (max -30) tous les 5 points. voir disciples des dieux sombres p.118" />
    <pouvoir id="03-pouvoir19" nom="supplice des démons" discipline="arcane majeur" seuil="23" action="complète" opposé="false" portée="50 m" prolongeable="false" description="test de fm opposé pour infliger une exécration (ou un test de maîtrise démoniaque si la fm du démon est inférieure à 50) à une créature démoniaque ciblée (possédant les traits 'démoniaque' et 'instabilité warp'). surpuissance : +10 aux tests de fm opposés et aux tests de maîtrise démoniaque (max +30) tous les 5 points. voir disciples des dieux sombres p.119" />
  </pouvoirs>
  
  <talents>
    <talent id="03-talent01" nom="arcane mineur" multiple="true" condition="talent;sorcier" effet="pouvoir;au choix;arcane mineur;1" description="vous pouvez posséder un pouvoir mineur supplémentaire par rapport au total qu'il vous est normalement permis de connaître. voir disciples des dieux sombres p.117" />
    <talent id="03-talent02" nom="arcane majeur" multiple="true" condition="car;fm;>=;45/talent;sorcier" effet="pouvoir;au choix;arcane majeur;1" description="vous pouvez posséder un pouvoir majeur supplémentaire par rapport au total qu'il vous est normalement permis de connaître. voir disciples des dieux sombres p.117" />
    <talent id="03-talent03" nom="arts sublimés" multiple="false" condition="car;per;>=;40/car;int;>=;45/talent;sorcier" effet="note;arts sublimés : peut recourir à la sorcellerie sans gestes, formulation vocale ou autre, mais le seuil psychique du pouvoir est alors augmenté de 2" description="l'utilisation de pouvoirs peut se faire uniqement mentalement. voir disciples des dieux sombres p.117" />
    <talent id="03-talent04" nom="formation aux armes exotiques (catapulte à shuriken)" multiple="false" condition="-" effet="-" description="vous êtes formé au maniement d'une arme exotique et pouvez l'utiliser sans malus. voir dark heresy p.119" />
    <talent id="03-talent05" nom="formation aux armes exotiques (couteau de verre fra'al)" multiple="false" condition="-" effet="-" description="vous êtes formé au maniement d'une arme exotique et pouvez l'utiliser sans malus. voir dark heresy p.119" />
    <talent id="03-talent06" nom="formation aux armes exotiques (fusil hrud)" multiple="false" condition="-" effet="-" description="vous êtes formé au maniement d'une arme exotique et pouvez l'utiliser sans malus. voir dark heresy p.119" />
    <talent id="03-talent07" nom="formation aux armes exotiques (pistolet à shuriken)" multiple="false" condition="-" effet="-" description="vous êtes formé au maniement d'une arme exotique et pouvez l'utiliser sans malus. voir dark heresy p.119" />
    <talent id="03-talent08" nom="maître sorcier" multiple="false" condition="car;int;>=;40/car;fm;>=;50/talent;sorcier" effet="!!carrière;psyker impérial!!niveau_psy;+1!!note;maître sorcier : est considéré comme ayant un niveau psy de 4. bonus de +10 aux tests de maîtrise démoniaque. immunisé au trait 'présence démoniaque'" description="votre maîtrise des arts sombres est grande, vous avez appris a éviter les pièges qui guettent les pratiquants moins expérimentés, et à canaliser bien plus d'énergie brute que la plupart d'e ntre eux. voir disciples des dieux sombres p.117" />
    <talent id="03-talent09" nom="rancune psychique" multiple="false" condition="talent;niveau psy 4/talent;conversion du corpus" effet="note;rancune psychique : un pouvoir infligeant des dégâts utilisé en conjonction du talent 'conversion du corpus' voit ses dégâts gagner l'attribut 'déchirant'" description="peu d'émotions ont un écho plus puissant dans le warp que la malveillance et la haine, particulièrement quand elles sont alimentées par la folie et l'amertume qui dévorent beaucoup de psykers renégats et de sorciers. voir disciples des dieux sombres p.26" />
    <talent id="03-talent10" nom="sorcier" multiple="false" condition="car;int;>=;35/car;fm;>=;35/comp;connaissances interdites (démonologie);2||comp;connaissances interdites (warp);2||comp;connaissances scholastiques (occulte);2" effet="!!carrière;psyker impérial!!niveau_psy;+1++note;sorcier : +20 aux jets de détermination des phénomènes psychiques!!note;sorcier : considéré comme ayant un niveau psy de 2++pouvoir;au choix;sorcier" description="par une combinaison de culture ésotérique, de savoir-faire, et de focalisation de votre volonté, vous pouvez utiliser les pouvoirs de la sorcellerie et canaliser le warp. voir disciples des dieux sombres p.117" />
    <talent id="03-talent11" nom="suprématie psychique (biomancie)" multiple="false" condition="talent;niveau psy 5/talent;discipline (biomancie)" effet="note;suprématie psychique (biomancie) : si le nombre de dés lancés pour utiliser un pouvoir de cette discipline est inférieur ou égal à la moitié du niveau psy, le premier 9 obtenu ne provoque pas de phénomène psychique. malus de -10 aux tests pour détecter ou pister un pouvoir psychique utilisé de la sorte" description="le niveau de pouvoir surhumain atteint par les plus grands psykers les place de facto au-dessus des autres. voir disciples des dieux sombres p.26" />
    <talent id="03-talent12" nom="suprématie psychique (divination)" multiple="false" condition="talent;niveau psy 5/talent;discipline (divination)" effet="note;suprématie psychique (divination) : si le nombre de dés lancés pour utiliser un pouvoir de cette discipline est inférieur ou égal à la moitié du niveau psy, le premier 9 obtenu ne provoque pas de phénomène psychique. malus de -10 aux tests pour détecter ou pister un pouvoir psychique utilisé de la sorte" description="le niveau de pouvoir surhumain atteint par les plus grands psykers les place de facto au-dessus des autres. voir disciples des dieux sombres p.26" />
    <talent id="03-talent13" nom="suprématie psychique (pyromancie)" multiple="false" condition="talent;niveau psy 5/talent;discipline (pyromancie)" effet="note;suprématie psychique (pyromancie) : si le nombre de dés lancés pour utiliser un pouvoir de cette discipline est inférieur ou égal à la moitié du niveau psy, le premier 9 obtenu ne provoque pas de phénomène psychique. malus de -10 aux tests pour détecter ou pister un pouvoir psychique utilisé de la sorte" description="le niveau de pouvoir surhumain atteint par les plus grands psykers les place de facto au-dessus des autres. voir disciples des dieux sombres p.26" />
    <talent id="03-talent14" nom="suprématie psychique (télékinésie)" multiple="false" condition="talent;niveau psy 5/talent;discipline (télékinésie)" effet="note;suprématie psychique (télékinésie) : si le nombre de dés lancés pour utiliser un pouvoir de cette discipline est inférieur ou égal à la moitié du niveau psy, le premier 9 obtenu ne provoque pas de phénomène psychique. malus de -10 aux tests pour détecter ou pister un pouvoir psychique utilisé de la sorte" description="le niveau de pouvoir surhumain atteint par les plus grands psykers les place de facto au-dessus des autres. voir disciples des dieux sombres p.26" />
    <talent id="03-talent15" nom="suprématie psychique (télépathie)" multiple="false" condition="talent;niveau psy 5/talent;discipline (télépathie)" effet="note;suprématie psychique (télépathie) : si le nombre de dés lancés pour utiliser un pouvoir de cette discipline est inférieur ou égal à la moitié du niveau psy, le premier 9 obtenu ne provoque pas de phénomène psychique. malus de -10 aux tests pour détecter ou pister un pouvoir psychique utilisé de la sorte" description="le niveau de pouvoir surhumain atteint par les plus grands psykers les place de facto au-dessus des autres. voir disciples des dieux sombres p.26" />
    <talent id="03-talent16" nom="vampire psychique" multiple="false" condition="talent;niveau psy 4/car;corruption;>;30" effet="note;vampire psychique : test de fm moyen (+0) au moyen d'une action gratuite pour récupérer 1d5-1 points de blessures et 1d5-2 points de corruption à chaque fois que vous tuez une créature intelligente douée de volonté propre et non issue du warp par l'utilisation d'énergie psychique/trouble;obsession - compulsion;mineur" description="certains sorciers et renégats au coeur noir développent un plaisir de tuer avec leurs pouvoirs qui va au-delà du simple sadisme ou de la mégalomanie, devenant une véritable addiction. voir disciples des dieux sombres p.26" />
  </talents>

  <traits>
    <trait id="04-trait01" nom="intouchable" effet="note;intouchable : totalement immunisé contre les pouvoirs psychiques, l'énergie et les effets psychiques directement dirigé contre lui. ne peut être détecté par la compétence 'psyniscience' ou le pouvoir 'détection des présences'/note;intouchable : tous les pouvoirs ou capacités psychiques dans un rayon de [bfm]m voient leur seuil psychique augmenté de 10 et tout test associé voit sa difficulté augmenter de 20. les entités ayant le trait 'instabilité warp' et étant dans la zone de perturbation subisse le double de dégâts en cas d'échec à leur test de fm" multiple="false" description="les intouchables sont des individus extrêment rares qui ne projettent aucune signature dans le warp. voir disciples des dieux sombres p.28" />
  </traits>
  
</root>