<?xml version="1.0" encoding="utf-8"?>

<root>
  <version valeur="1.0" />
  <extensions>
    <extension id="dh02" chargée="true" />
    <extension id="dh03" chargée="true" />
    <extension id="dh04" chargée="true" />
    <extension id="dh05" chargée="true" />
    <extension id="dh06" chargée="true" />
    <extension id="dh07" chargée="true" />
    <extension id="dh08" chargée="true" />
    
    <extension id="dhai" chargée="false" />
    <extension id="dham" chargée="false" />

    <extension id="rt02" chargée="true" />

    <extension id="dw02" chargée="true" />
  </extensions>
  <options>
    <jeu_de_départ valeur="Dark Heresy" />
    <option_dh nom="limite_points_destin" valeur="non" description="limiter à 5 le nombre de points de destin lors de l'ascension" />
    <option_dh nom="limite_points_blessures" valeur="non" description="limiter à 25 le nombre de points de blessures lors de l'ascension" />
  </options>
</root>
